epoch,train_loss,validation_loss,train_accuracy,validation_accuracy,learning_rate
4,"[0.3367482218901327, 0.2909799061717592, 0.23552299540507812, 0.18485546735805514, 0.14560836749036984]","[0.3883242250035444, 0.4027453606897754, 0.4354477087882432, 0.51256415566379, 0.5525463192235007]","[0.8931325743665075, 0.9239141321403532, 0.945147397589557, 0.9551297032016827, 0.9710880379260842]","[0.826138969195494, 0.8271358787757951, 0.8204565845877779, 0.8097896520785565, 0.8133785265676403]",0.001
4,"[0.42604338016714843, 0.3113798727624301, 0.24564279905115846, 0.17528691774123847, 0.12066044637537288]","[0.34009149295989033, 0.3213912700228512, 0.34906712505808724, 0.378517571059554, 0.4304279872332653]","[0.8794541572133991, 0.9168890964900573, 0.9431469371413319, 0.9619645002001869, 0.9805485119444816]","[0.8521147885211479, 0.8601139886011399, 0.8556144385561444, 0.8482151784821518, 0.8477152284771523]",0.001
